{
    "attirail arts et metiers": [48.865557248176984, 2.3571231929999787],
    "baron rouge": [48.84946725133216, 2.377369525980662],
    "belleville sauvage": [48.87120612975243, 2.378635568310865],
    "sully morland": [48.851909886712825, 2.360821444190312]
}