{
  "fra": [48.88503248130358, 2.294983581484795],
  "sava": [48.88503248130358, 2.294983581484795],
  "caru": [48.85562701656761, 2.3673488084664203],
  "cami": [48.85562701656761, 2.3673488084664203],
  "cami napoli": [48.84850417428875, 2.3547307193931992]
}